{
    "rmse": 0.7041405871284354,
    "mae": 0.5558321212978883,
    "r2": 0.21016502921522062
}