{
    "rmse": 0.682860725831379,
    "mae": 0.5451199730064004,
    "r2": 0.2512564395119299
}