{
    "rmse": 0.6923554161883586,
    "mae": 0.5449758407456321,
    "r2": 0.26745975575876946
}